process_id,temperature_raw,temperature_c,time_raw,time_hours
00398f0aebf49fbe75898ea6ffeb3dac-p1,2 c,2.0,30 min,0.5
00657c82669a2633d4e6b79a0e026247-p1,120 c,120.0,30 min,0.5
013711a264ff618174da850743562485-p1,4 c,4.0,5 min,5 min
013d896bd141e12a5564eaf0b3565cf2-p1,400 c,400.0,,
0188a4a0b315cd664b86ad1910013862-p1,,,,
019be556d9ec12cd8e2d90d2ea44effe-p1,500 c,500.0,10 min,10 min
019be556d9ec12cd8e2d90d2ea44effe-p2,120 c,120.0,10 min,10 min
01e7f77703379a9d4d1fbc6ff9402148-p1,1 c,1.0,,
01fd82a84f61bc61df259560f1e97e02-p1,2 c,2.0,60 min,60 min
01fd82a84f61bc61df259560f1e97e02-p2,100 c,100.0,,
01fd82a84f61bc61df259560f1e97e02-p3,,,,
01fd82a84f61bc61df259560f1e97e02-p4,,,,
02a852de695caf37f513abb2e3f21558-p1,4 c,4.0,,
02c394b13170764ca80e36f6c6005ba4-p1,60 c,60.0,,
02c394b13170764ca80e36f6c6005ba4-p2,72 c,72.0,,
02c394b13170764ca80e36f6c6005ba4-p3,,,,
02c394b13170764ca80e36f6c6005ba4-p4,3 c,3.0,,
02c394b13170764ca80e36f6c6005ba4-p5,3 c,3.0,,
02d83e03001168d2dbc0f057e94fb856-p1,2c,2.0,48 hr,48 hr
02d83e03001168d2dbc0f057e94fb856-p2,2 c,2.0,,
0315a6674efe3e74a7741ba9c47882e0-p1,2 c,2.0,,
0315a6674efe3e74a7741ba9c47882e0-p2,100 c,100.0,10 min,10 min
0315a6674efe3e74a7741ba9c47882e0-p3,3 c,3.0,5 min,5 min
03f16d8dcbe29d0d9406e854001ccfd5-p1,5 c,5.0,,
03f16d8dcbe29d0d9406e854001ccfd5-p2,140 c,140.0,30 min,0.5
03f16d8dcbe29d0d9406e854001ccfd5-p3,1 c,1.0,,
04645e7bd4a1a3742e1cd9ae62cc299f-p1,3 c,3.0,,
047f6a6d3c05819e962445ddd3b9ea69-p1,,,,
047f6a6d3c05819e962445ddd3b9ea69-p2,2 c,2.0,,
047f6a6d3c05819e962445ddd3b9ea69-p3,,,,
04fbf08fd7b62b5bcf4d3d748f58d158-p1,2 c,2.0,1 hr,1
0518fc8ee740c683369f4424799f5f01-p1,3 c,3.0,10 min,10 min
0518fc8ee740c683369f4424799f5f01-p2,,,,
0518fc8ee740c683369f4424799f5f01-p3,,,,
0518fc8ee740c683369f4424799f5f01-p4,,,,
07d7f5e20e13c340612222d3d5489af8-p1,,,,
0822468a903fdbc854568aae6c2a86b4-p1,,,,
0822468a903fdbc854568aae6c2a86b4-p2,,,,
0822468a903fdbc854568aae6c2a86b4-p3,1 c,1.0,,
0822468a903fdbc854568aae6c2a86b4-p4,,,,
0822468a903fdbc854568aae6c2a86b4-p5,,,,
0822468a903fdbc854568aae6c2a86b4-p6,500 c,500.0,,
083f21901dd38897a67a0cbdcb5a0ba9-p1,3 c,3.0,,
0879104e9cd61cb4607d76dbb71c6dd6-p1,1 c,1.0,,
0879104e9cd61cb4607d76dbb71c6dd6-p2,195 c,195.0,,
0879104e9cd61cb4607d76dbb71c6dd6-p3,2 c,2.0,2 hr,2 hr
09d58dff07a0c2771f1e1b14bbdcda6d-p1,150 c,150.0,,
0a6b1e857cbbbb644c2ba309858d9b17-p1,120 c,120.0,10 min,10 min
0a6deac41f55a5335a4a83693c6efa0a-p1,3c,3.0,,
0a839366fa94224a77dfd2dcd8307db4-p1,400 c,400.0,,
0add37e77b255e4c8611e6551943f81d-p1,150 c,150.0,,
0af5fce3a1411e1045c3aad6b6059b9d-p1,1 c,1.0,10 min,10 min
0af5fce3a1411e1045c3aad6b6059b9d-p2,300 c,300.0,30 min,0.5
0b79b6beb338f9c43d6077e1181456ee-p1,200 c,200.0,1 min,1 min
0b79b6beb338f9c43d6077e1181456ee-p2,160 c,160.0,30 min,0.5
0bc79392a323c3e0098303673beaf3db-p1,1130 c,1130.0,,
0c008fba4308191449423ad17b4ecac0-p1,2c,2.0,10 min,10 min
0c567d3e6f44af24c249ae320c5a6323-p1,2 c,2.0,,
0c567d3e6f44af24c249ae320c5a6323-p10,2 c,2.0,,
0c567d3e6f44af24c249ae320c5a6323-p11,,,,
0c567d3e6f44af24c249ae320c5a6323-p2,4 c,4.0,,
0c567d3e6f44af24c249ae320c5a6323-p3,,,,
0c567d3e6f44af24c249ae320c5a6323-p4,,,,
0c567d3e6f44af24c249ae320c5a6323-p5,2 c,2.0,,
0c567d3e6f44af24c249ae320c5a6323-p6,,,,
0c567d3e6f44af24c249ae320c5a6323-p7,,,,
0c567d3e6f44af24c249ae320c5a6323-p8,1 c,1.0,,
0c567d3e6f44af24c249ae320c5a6323-p9,2 c,2.0,,
0cc7d570bd60bde88bc1fe6140b3106c-p1,80 c,80.0,,
0cc7d570bd60bde88bc1fe6140b3106c-p2,35 c,35.0,1 hr,1
0d8f23a68e96d962f91b684caff18478-p1,1 c,1.0,10 min,10 min
0d8f23a68e96d962f91b684caff18478-p2,2 c,2.0,,
0d8f23a68e96d962f91b684caff18478-p3,90 c,90.0,10 min,10 min
0e0979d2e73dd815e6bcf61b28949148-p1,,,,
0e0979d2e73dd815e6bcf61b28949148-p2,1 c,1.0,,
0e0979d2e73dd815e6bcf61b28949148-p3,2 c,2.0,15 min,15 min
0e0979d2e73dd815e6bcf61b28949148-p4,1 c,1.0,,
0e3fdc6a9af0abd17ebcb4ddb89500ce-p1,2c,2.0,,
0e3fdc6a9af0abd17ebcb4ddb89500ce-p2,,,,
0e3fdc6a9af0abd17ebcb4ddb89500ce-p3,100 c,100.0,,
0e3fdc6a9af0abd17ebcb4ddb89500ce-p4,,,,
0e3fdc6a9af0abd17ebcb4ddb89500ce-p5,1 c,1.0,15 min,15 min
0e454995a867334465a9786bb7865d20-p1,1 c,1.0,,
0e454995a867334465a9786bb7865d20-p2,3 c,3.0,1 hr,1
0e454995a867334465a9786bb7865d20-p3,5 c,5.0,1 hr,1
0eba7705d1e985772867dbccc1b9c19a-p1,180 c,180.0,30 min,0.5
0ef357685350c5d2c32c47350c385470-p1,3 c,3.0,15 min,15 min
0f844667b125de4320638ba81a38eef3-p1,3 c,3.0,,
0f8a984c0612b88b766223d50e574007-p1,,,,
10540195a7a6468589fe97228249f305-p1,1 c,1.0,,
1071914c9ebb4b2135794ff743a91c44-p1,200 c,200.0,,
1071914c9ebb4b2135794ff743a91c44-p2,4 c,4.0,30 min,0.5
1071914c9ebb4b2135794ff743a91c44-p3,4 c,4.0,,
1071914c9ebb4b2135794ff743a91c44-p4,1 c,1.0,,
10b325b9fc1031bc77fd7371149a9f51-p1,100c,100.0,,
1158827736477b5f7c8ba7a93dab0ff8-p1,180 c,180.0,,
11ba885db3a8856213d4d100e4c759f9-p1,60 c,60.0,,
11ba885db3a8856213d4d100e4c759f9-p2,2 c,2.0,,
11ba885db3a8856213d4d100e4c759f9-p3,300 c,300.0,,
11ba885db3a8856213d4d100e4c759f9-p4,70 c,70.0,30 min,0.5
11de57fd02296598ca0b3d68c50b8763-p1,800 c,800.0,,
1206dce868a150b61fd6822931ff32d5-p1,180 c,180.0,,
1206dce868a150b61fd6822931ff32d5-p2,,,,
1206dce868a150b61fd6822931ff32d5-p3,,,,
1206dce868a150b61fd6822931ff32d5-p4,,,,
1206dce868a150b61fd6822931ff32d5-p5,1 c,1.0,20 min,20 min
1206dce868a150b61fd6822931ff32d5-p6,1 c,1.0,30 min,0.5
1206dce868a150b61fd6822931ff32d5-p7,1 c,1.0,40 min,40 min
144bc2559cd9d7842a7a58f02a4a7d77-p1,50 c,50.0,30 min,0.5
167c251e51db2f0089b9497aed8606ed-p1,2 c,2.0,30 min,0.5
167c251e51db2f0089b9497aed8606ed-p2,1 c,1.0,30 min,0.5
16e5dc2e400c02bdb0aaa4b7ba681beb-p1,760c,760.0,30 min,0.5
17da41ecd17f7042a495126b46c1a0ce-p1,4 c,4.0,10 min,10 min
1852ce5df23f991eaad2d06a07e0fb0b-p1,80 c,80.0,60 min,60 min
187fc71493afd95bf4a6ebeca84ff2c3-p1,4156c,4156.0,5 min,5 min
18d21610100170257fb0b41e5c7f7d57-p1,1 c,1.0,1 min,1 min
18d21610100170257fb0b41e5c7f7d57-p2,70 c,70.0,30 min,0.5
18d21610100170257fb0b41e5c7f7d57-p3,110 c,110.0,,
19ce0e757673ddc6727e3778ac3bffdb-p1,2 c,2.0,10 min,10 min
1ac95593f075fd85e7c615ff068ed81e-p1,3c,3.0,20 min,20 min
1ac95593f075fd85e7c615ff068ed81e-p2,,,,
1ac95593f075fd85e7c615ff068ed81e-p3,2 c,2.0,30 min,0.5
1ac95593f075fd85e7c615ff068ed81e-p4,1 c,1.0,,
1b7eacc62a5c4a8065cd974da3e46465-p1,150 c,150.0,5 hr,5 hr
1b7eacc62a5c4a8065cd974da3e46465-p2,120 c,120.0,3 hr,3 hr
1c3e07a1c4df82916b937f40b1857ee6-p1,2 c,2.0,10 min,10 min
1c59ae4d08e3933ed1dc4ce1e2c151bc-p1,3c,3.0,5 min,5 min
1cb749c78dc174d2fe0123b8ac3b9403-p1,3 c,3.0,,
1dd178c73bd73e0f253a5585a96d385f-p1,1 c,1.0,,
1dd178c73bd73e0f253a5585a96d385f-p2,75 c,75.0,30 min,0.5
1dd178c73bd73e0f253a5585a96d385f-p3,,,5 min,5 min
1ef160d58fcc4bf7251cec554d59c204-p1,85 c,85.0,6 hr,6 hr
1ef160d58fcc4bf7251cec554d59c204-p2,2 c,2.0,,
1ef160d58fcc4bf7251cec554d59c204-p3,1 c,1.0,,
1f96f0c842e8adf3e7f5ab5c95c2d549-p1,80 c,80.0,,
1f96f0c842e8adf3e7f5ab5c95c2d549-p2,1 c,1.0,,
1f96f0c842e8adf3e7f5ab5c95c2d549-p3,35 c,35.0,,
1f96f0c842e8adf3e7f5ab5c95c2d549-p4,1 c,1.0,5 min,5 min
2113845b04a140cad44e606c77abd9a3-p1,400 c,400.0,,
216842cef926c856b0f0c38a5589bf42-p1,,,,
21cececf0c23d13c176c9f3948387925-p1,1 c,1.0,,
21cececf0c23d13c176c9f3948387925-p2,60 c,60.0,,
21cececf0c23d13c176c9f3948387925-p3,,,10 min,10 min
2210c9ff10ca4124228e0fd03153bdb3-p1,2 c,2.0,8 min,8 min
2210c9ff10ca4124228e0fd03153bdb3-p2,200 c,200.0,10 min,10 min
224dc40cee9271350f909ea9628bf1bb-p1,,,2 min,2 min
22a0b3c8f810076195d9b19e5efad833-p1,190 c,190.0,,
22d0ef5f4246cc2cddb4f8024a403f3c-p1,,,,
22d9b2bf7ae45069fd9b7404162d9c6c-p1,4 c,4.0,30 min,0.5
233019c47fb150f74826770fa58cab94-p1,,,,
24316de636854e0455bcb31f2a114ab0-p1,220 c,220.0,,
24316de636854e0455bcb31f2a114ab0-p2,1 c,1.0,50 min,50 min
243a0ee969486a0d48f918f5761bf1f0-p1,1 c,1.0,,
243e77821c6192d57f1cf0f9c2852485-p1,2c,2.0,,
243e77821c6192d57f1cf0f9c2852485-p2,2c,2.0,60 min,60 min
243e77821c6192d57f1cf0f9c2852485-p3,2c,2.0,5 min,5 min
244e763d51313bae3c777abca1a87b00-p1,2 c,2.0,30 min,0.5
244e763d51313bae3c777abca1a87b00-p2,,,10 min,10 min
24eb903f14dcbb8e79721342c3454a41-p1,80 c,80.0,30 min,0.5
24eb903f14dcbb8e79721342c3454a41-p2,3c,3.0,30 min,0.5
250139d97892d16c0c45073971e5b772-p1,5 c,5.0,15 min,15 min
25f5ee6c91e18699be1cfbaff719c1ab-p1,,,,
25f5ee6c91e18699be1cfbaff719c1ab-p2,,,,
25f5ee6c91e18699be1cfbaff719c1ab-p3,,,,
26d8657715e3adb230590d4898a33cd2-p1,,,,
273438b603040ef849fa95c26211b6a5-p1,220 c,220.0,,
277aa792a0d307f7d6374d8644641b53-p1,3 c,3.0,,
277aa792a0d307f7d6374d8644641b53-p2,45 c,45.0,,
27d5b52b734b5f8b92db147e082f8c8a-p1,50 c,50.0,,
27e6e890202495ca68610bf2b51f5b49-p1,1 c,1.0,,
2809983cd414bd66dad476be8e5c6d77-p1,,,,
2809983cd414bd66dad476be8e5c6d77-p2,2 c,2.0,,
2809983cd414bd66dad476be8e5c6d77-p3,1 c,1.0,,
28444cf385f229337288fe33fd7d8245-p1,2 c,2.0,,
2a23a21400b5c7d4da7bc962a07bca71-p1,2 c,2.0,,
2a2d447e68a5fdaf6c498aeb242f2222-p1,,,,
2a2d447e68a5fdaf6c498aeb242f2222-p2,,,,
2a2d447e68a5fdaf6c498aeb242f2222-p3,1 c,1.0,10 min,10 min
2a7da7f7a19797f25255e0aa0db1b150-p1,200 c,200.0,,
2a7da7f7a19797f25255e0aa0db1b150-p2,,,,
2a7da7f7a19797f25255e0aa0db1b150-p3,,,,
2a7da7f7a19797f25255e0aa0db1b150-p4,,,,
2ad9f65c1aa3cfc08d79b00979686134-p1,,,,
2aefa7bd78276c730dd369f4d7493033-p1,180 c,180.0,20 min,20 min
2aefa7bd78276c730dd369f4d7493033-p2,155 c,155.0,,
2b0946da30ffefe5719b1a512a777922-p1,700 c,700.0,20 min,20 min
2b0ada1dae143c8ffb7effaae7b8b455-p1,2c,2.0,,
2b0ada1dae143c8ffb7effaae7b8b455-p2,2c,2.0,,
2b0ada1dae143c8ffb7effaae7b8b455-p3,2c,2.0,,
2b0ada1dae143c8ffb7effaae7b8b455-p4,450 c,450.0,,
2b515f4fa4f97eb4112dca59ca1b5a61-p1,60 c,60.0,,
2c140bb312fe8eabbdbc614e1dd8e75e-p1,1 c,1.0,2 hr,2 hr
2c3adb2df6bfca9b5f5becda2ec0a156-p1,660c,660.0,2 min,2 min
2dd82a342838248b76e0aa85c4bec1a0-p1,150 c,150.0,,
2dd82a342838248b76e0aa85c4bec1a0-p2,,,,
2dded1a6fe2693df608e0207a52be8be-p1,1 c,1.0,,
2dded1a6fe2693df608e0207a52be8be-p2,130 c,130.0,60min,60min
2dded1a6fe2693df608e0207a52be8be-p3,1 c,1.0,,
2e87e423af7da398ee72c3fb58863c01-p1,1 c,1.0,,
2ee07c4eec25f6cf2691252966a922d7-p1,3c,3.0,,
2f128cecd77cad88d4b6ad359e89c832-p1,140 c,140.0,30 min,0.5
2f53dae62b73914fa552e4f0b5e76472-p1,4 c,4.0,15 min,15 min
2fbbda61e70f9aae9e6c2f9140cc87d7-p1,,,,
2fbbda61e70f9aae9e6c2f9140cc87d7-p2,,,,
2fbbda61e70f9aae9e6c2f9140cc87d7-p3,,,,
2fbbda61e70f9aae9e6c2f9140cc87d7-p4,900 c,900.0,,
2fbbda61e70f9aae9e6c2f9140cc87d7-p5,1600 c,1600.0,,
2fbbda61e70f9aae9e6c2f9140cc87d7-p6,,,,
2fbbda61e70f9aae9e6c2f9140cc87d7-p7,,,,
2ffbe4c0b6f429004e5555510a4b5651-p1,140 c,140.0,5 min,5 min
2ffbe4c0b6f429004e5555510a4b5651-p2,140 c,140.0,5 min,5 min
2ffbe4c0b6f429004e5555510a4b5651-p3,1 c,1.0,,
323826daff3b89018d5731eb5142e75e-p1,180 c,180.0,5 min,5 min
323826daff3b89018d5731eb5142e75e-p2,1 c,1.0,,
323826daff3b89018d5731eb5142e75e-p3,1 c,1.0,5 min,5 min
323826daff3b89018d5731eb5142e75e-p4,,,10 min,10 min
326bc28c02d88c1e0ee1498c1e9792b8-p1,90 c,90.0,30 min,0.5
326bc28c02d88c1e0ee1498c1e9792b8-p2,1 c,1.0,,
326bc28c02d88c1e0ee1498c1e9792b8-p3,2001c,2001.0,30 min,0.5
32ce7bdf3c84c3d25e5fd0952f8d69b9-p1,4 c,4.0,,
33125a55321e58b5c01c698c15522738-p1,200 c,200.0,20 min,20 min
338070a4a576f09bdd0d0a77b139609f-p1,4 c,4.0,30 min,0.5
349736d9aaaf7fb4ce45c042f2642e2c-p1,1 c,1.0,30 min,0.5
34985cbc08a1e21f79e03b911a1ae91d-p1,900 c,900.0,,
355d1ed21a7822864be2db6f761d8be7-p1,4 c,4.0,30 min,0.5
374a5ae933b167b3e0444e70efa9feb0-p1,,,,
374a5ae933b167b3e0444e70efa9feb0-p2,,,,
374a5ae933b167b3e0444e70efa9feb0-p3,,,,
374a5ae933b167b3e0444e70efa9feb0-p4,,,,
374a5ae933b167b3e0444e70efa9feb0-p5,,,,
374a5ae933b167b3e0444e70efa9feb0-p6,,,,
374a5ae933b167b3e0444e70efa9feb0-p7,,,,
38d0567ae93de1a8fedf2e183a7899e7-p1,180 c,180.0,10 min,10 min
38d0567ae93de1a8fedf2e183a7899e7-p2,150 c,150.0,10 min,10 min
38d0567ae93de1a8fedf2e183a7899e7-p3,150 c,150.0,10 min,10 min
38d0567ae93de1a8fedf2e183a7899e7-p4,150 c,150.0,10 min,10 min
39729febca0cbb7b2e7dc42021a5ba13-p1,1 c,1.0,5 hr,5 hr
39729febca0cbb7b2e7dc42021a5ba13-p2,1 c,1.0,5 min,5 min
39729febca0cbb7b2e7dc42021a5ba13-p3,,,,
39729febca0cbb7b2e7dc42021a5ba13-p4,6 c,6.0,,
39729febca0cbb7b2e7dc42021a5ba13-p5,70 c,70.0,20 min,20 min
398164a8c6b165c5581c847aed7630d7-p1,1 c,1.0,,
398f04d815c16a069b613ec8be09b82f-p1,2 c,2.0,20min,20min
39bcd38bde8ee712bcee56ab5b558e86-p1,3c,3.0,5 min,5 min
39bcd38bde8ee712bcee56ab5b558e86-p2,,,30 min,0.5
39bcd38bde8ee712bcee56ab5b558e86-p3,,,30 min,0.5
3a336bcc09186843992e13637b32331f-p1,1 c,1.0,30 min,0.5
3a93c0f94c7f4a1fda41a23f98c8b56a-p1,,,,
3a93c0f94c7f4a1fda41a23f98c8b56a-p2,,,,
3a93c0f94c7f4a1fda41a23f98c8b56a-p3,,,,
3a93c0f94c7f4a1fda41a23f98c8b56a-p4,,,,
3a93c0f94c7f4a1fda41a23f98c8b56a-p5,,,,
3a93c0f94c7f4a1fda41a23f98c8b56a-p6,,,,
3a93c0f94c7f4a1fda41a23f98c8b56a-p7,,,,
3a93c0f94c7f4a1fda41a23f98c8b56a-p8,,,,
3a93c0f94c7f4a1fda41a23f98c8b56a-p9,,,,
3b44ed34f3f68037253edf338d417bf3-p1,,,,
3b44ed34f3f68037253edf338d417bf3-p2,,,,
3b44ed34f3f68037253edf338d417bf3-p3,4 c,4.0,,
3bcf88c4b556be1fef5573bc13369fdd-p1,2c,2.0,10 min,10 min
3ca78e03a506e39791a6272924bd75dc-p1,,,,
3ca78e03a506e39791a6272924bd75dc-p2,2 c,2.0,,
3ca78e03a506e39791a6272924bd75dc-p3,,,,
3ca78e03a506e39791a6272924bd75dc-p4,,,,
3ca78e03a506e39791a6272924bd75dc-p5,2 c,2.0,,
3ca78e03a506e39791a6272924bd75dc-p6,,,,
3ca78e03a506e39791a6272924bd75dc-p7,2 c,2.0,,
3ca78e03a506e39791a6272924bd75dc-p8,80 c,80.0,,
3ca78e03a506e39791a6272924bd75dc-p9,,,,
3ce858bd211afdc931d1a71d5304a5fb-p1,1 c,1.0,30 min,0.5
3d64aeaa0148e39157e0e08f988e51af-p1,660c,660.0,30 min,0.5
3d6767a25bb80f63ebc7da5d0c1215b1-p1,9 c,9.0,20 min,20 min
3d841fb7bacdfd27e4a833bacb573a8a-p1,,,,
3d841fb7bacdfd27e4a833bacb573a8a-p2,1 c,1.0,10 min,10 min
3d841fb7bacdfd27e4a833bacb573a8a-p3,920 c,920.0,20 min,20 min
3df6a2e9593dcc247daace6df5dfe2a7-p1,080 c,80.0,,
3df6a2e9593dcc247daace6df5dfe2a7-p2,,,,
3df6a2e9593dcc247daace6df5dfe2a7-p3,,,,
3df6a2e9593dcc247daace6df5dfe2a7-p4,,,,
3df6a2e9593dcc247daace6df5dfe2a7-p5,111 c,111.0,,
3df6a2e9593dcc247daace6df5dfe2a7-p6,,,,
3e3d7841113967c95928e8835ed389f5-p1,,,,
3e9a6fb4c8d2a7533d8582f65a7cfcc2-p1,80 c,80.0,,
3e9a6fb4c8d2a7533d8582f65a7cfcc2-p2,4 c,4.0,,
3f9480ef69735615038b3c0ccb5464dd-p1,25 c,25.0,,
3f9480ef69735615038b3c0ccb5464dd-p2,60 c,60.0,20 min,20 min
3f9480ef69735615038b3c0ccb5464dd-p3,270 c,270.0,,
3f9480ef69735615038b3c0ccb5464dd-p4,85 c,85.0,10 min,10 min
3f99d99ba7fb1ba2958ab065a470ef29-p1,90 c,90.0,,
405a5bfc0817317a9ff87b03c784497c-p1,1 c,1.0,,
40b1e88557b56225434326d8c2ee4325-p1,2 c,2.0,,
40b1e88557b56225434326d8c2ee4325-p2,180 c,180.0,2 min,2 min
40b1e88557b56225434326d8c2ee4325-p3,,,,
418d0c2a6496344cd024d969198ad4fe-p1,120 c,120.0,15 min,15 min
418d0c2a6496344cd024d969198ad4fe-p2,60 c,60.0,,
418d0c2a6496344cd024d969198ad4fe-p3,180 c,180.0,,
42bd05b243edaefdd91ce589a7e4b0b8-p1,,,,
42bd05b243edaefdd91ce589a7e4b0b8-p2,180 c,180.0,,
42ce79a416a537dcce17e12e5cf03eac-p1,90 c,90.0,10 min,10 min
42ce79a416a537dcce17e12e5cf03eac-p2,120 c,120.0,,
42ce79a416a537dcce17e12e5cf03eac-p3,1 c,1.0,,
4331451941909f311faa2356a68efb3f-p1,,,,
435ad4fce30f7fb8b826b6619aa40484-p1,2 c,2.0,,
4365bb1fee92d2c5fab9533d5fca5f13-p1,150 c,150.0,30 min,0.5
4365bb1fee92d2c5fab9533d5fca5f13-p2,3c,3.0,,
4365bb1fee92d2c5fab9533d5fca5f13-p3,600 c,600.0,,
4365bb1fee92d2c5fab9533d5fca5f13-p4,60 c,60.0,,
4384f868b4c23503ee5f96a85339257a-p1,4 c,4.0,,
439b9ddf7e951dfdd4c37a638e965d72-p1,1000 c,1000.0,,
43bb5c23d271f1f619fbf444969a2e1c-p1,200 c,200.0,,
43bb5c23d271f1f619fbf444969a2e1c-p2,,,,
43bb5c23d271f1f619fbf444969a2e1c-p3,180 c,180.0,,
43e2b8c010c57437576cc4faf34b9f07-p1,2 c,2.0,,
44a457aeab7e39087679f272697abf0f-p1,2 c,2.0,,
44c5fd7cdfec67e9561d519b431ea398-p1,785 c,785.0,20 min,20 min
44c5fd7cdfec67e9561d519b431ea398-p2,,,,
4506bdb55ff6957fe3e33714374987c1-p1,1 c,1.0,15 min,15 min
4506bdb55ff6957fe3e33714374987c1-p2,2 c,2.0,,
4542838fc6a6a0c64846ff48ce273a67-p1,7 c,7.0,,
45b5bbddb42e21257e27058d8d317f55-p1,220 c,220.0,15 min,15 min
462d589212adb69a4fecc896748f3d4e-p1,2009 c,2009.0,,
463147073c85e4abe4ca1382b294ccb5-p1,550 c,550.0,5 min,5 min
46777225ecd801e16cd96f357976d5b1-p1,350 c,350.0,30 min,0.5
46777225ecd801e16cd96f357976d5b1-p2,70 c,70.0,30 min,0.5
4679f33946d6cf7972c33b32e41419b2-p1,160 c,160.0,,
4679f33946d6cf7972c33b32e41419b2-p2,1 c,1.0,,
4679f33946d6cf7972c33b32e41419b2-p3,,,,
46b789c3db3bc1ed1e2a941044f2750a-p1,,,,
46b789c3db3bc1ed1e2a941044f2750a-p2,,,,
46b789c3db3bc1ed1e2a941044f2750a-p3,,,,
46b789c3db3bc1ed1e2a941044f2750a-p4,,,,
46d20a32230a9816b19b293adf29fcb9-p1,3 c,3.0,1 min,1 min
47290d19c575502d26663185274a48d2-p1,2 c,2.0,,
473dbd905a5be144ca447cc095bb5a08-p1,2 c,2.0,30 min,0.5
473dbd905a5be144ca447cc095bb5a08-p2,35 c,35.0,,
473dbd905a5be144ca447cc095bb5a08-p3,,,,
473dbd905a5be144ca447cc095bb5a08-p4,80 c,80.0,,
473dbd905a5be144ca447cc095bb5a08-p5,1 c,1.0,,
480a623e04c0a9f86f7fb322edf4a484-p1,225 c,225.0,15 min,15 min
48144549fe3cb188c84b187340635da0-p1,3c,3.0,,
48144549fe3cb188c84b187340635da0-p2,1 c,1.0,30 min,0.5
486a9fb33e6762a602c6b034ec110eae-p1,2 c,2.0,,
489024cee8963c543c6c88096c786dc5-p1,300 c,300.0,30 min,0.5
4b26a065e7e3a9f8021397bc67a3e7c2-p1,2 c,2.0,60 min,60 min
4f1b9d603f66e5b6555830f5705d2574-p1,2 c,2.0,90 min,90 min
4f1b9d603f66e5b6555830f5705d2574-p2,4 c,4.0,30 min,0.5
4f44fbcde7d05188865f0e1d97492aac-p1,3c,3.0,,
4f44fbcde7d05188865f0e1d97492aac-p2,3c,3.0,,
4f44fbcde7d05188865f0e1d97492aac-p3,155 c,155.0,,
53be1d53c69e0fe4be86bd02b4fce010-p1,3c,3.0,10 min,10 min
55443aac705811910e59ceb0b9ffa6d8-p1,,,120 min,120 min
55443aac705811910e59ceb0b9ffa6d8-p2,1 c,1.0,30 min,0.5
55443aac705811910e59ceb0b9ffa6d8-p3,,,,
55443aac705811910e59ceb0b9ffa6d8-p4,,,,
57cee5815045f86cdad5922dac8f4f9d-p1,1 c,1.0,3 min,3 min
5940a9b30408de76f73faf0987f44e72-p1,60 c,60.0,30 min,0.5
5940a9b30408de76f73faf0987f44e72-p2,1 c,1.0,,
5940a9b30408de76f73faf0987f44e72-p3,120 c,120.0,,
59a70a66b7ee40110726b7329c266f52-p1,3100c,3100.0,,
5ac0f5f3418da2ddc2cef5683938df96-p1,50 c,50.0,30 min,0.5
5ac0f5f3418da2ddc2cef5683938df96-p2,,,,
5d4bc628e9203a3f895fcd827b2ab27a-p1,3 c,3.0,30 min,0.5
5d69577947e6782186d30c9812995e07-p1,80 c,80.0,10 min,10 min
5e8027aa4261a6920c16ee8adff185b1-p1,4 c,4.0,1 min,1 min
5e8027aa4261a6920c16ee8adff185b1-p2,,,1 min,1 min
5e8027aa4261a6920c16ee8adff185b1-p3,,,,
5e8027aa4261a6920c16ee8adff185b1-p4,,,30 min,0.5
5e8027aa4261a6920c16ee8adff185b1-p5,25 c,25.0,,
5e9db060149cbcf1336006c51dd32359-p1,0 c,0.0,,
5e9db060149cbcf1336006c51dd32359-p2,,,,
5e9db060149cbcf1336006c51dd32359-p3,2 c,2.0,10 min,10 min
5e9db060149cbcf1336006c51dd32359-p4,,,10 min,10 min
5e9db060149cbcf1336006c51dd32359-p5,4 c,4.0,20 min,20 min
5e9db060149cbcf1336006c51dd32359-p6,0 c,0.0,3 min,3 min
62043bb4d8e9b6ba2ecbdf44515cb1dd-p1,,,,
62043bb4d8e9b6ba2ecbdf44515cb1dd-p2,,,,
62043bb4d8e9b6ba2ecbdf44515cb1dd-p3,,,,
6b6b5302fc5c5600488b4f9fc72f4cd7-p1,35 c,35.0,10 min,10 min
6b6b5302fc5c5600488b4f9fc72f4cd7-p2,60 c,60.0,5 min,5 min
6cae8cf49cfaa40ff6c86cae40d3aff2-p1,100 c,100.0,30 min,0.5
6cae8cf49cfaa40ff6c86cae40d3aff2-p2,2 c,2.0,,
6df19a12898d7b8678bdb0295a093b1f-p1,,,,
6df19a12898d7b8678bdb0295a093b1f-p2,,,,
6df19a12898d7b8678bdb0295a093b1f-p3,60 c,60.0,,
6eebdec16599f8a86caec73a4964ac32-p1,105 c,105.0,15 min,15 min
6ff38dcf274d8d5c54b15c7f6b0b3c74-p1,,,,
73760b94caf0b257633eaa3b10442f36-p1,110 c,110.0,,
73760b94caf0b257633eaa3b10442f36-p2,10 c,10.0,,
73760b94caf0b257633eaa3b10442f36-p3,70 c,70.0,,
76fd8989c7bad57c0c2f0b3169227438-p1,3c,3.0,,
780e5f693c2ec41a56ed962aba162008-p1,3c,3.0,100 hr,100 hr
780e5f693c2ec41a56ed962aba162008-p2,3c,3.0,30 min,0.5
782ae5ebcf35b3e573c6af81113a3a83-p1,400 c,400.0,,
78407be2cd5afda52082f66174111762-p1,40 c,40.0,15 min,15 min
78407be2cd5afda52082f66174111762-p2,500 c,500.0,20 min,20 min
78407be2cd5afda52082f66174111762-p3,150 c,150.0,10 min,10 min
7925e6d539bcba05e2f6f73452c4d521-p1,3 c,3.0,30 min,0.5
